job_id,company,role,official_url,status,applied
SYN-01,Synthetic Company 01,Backend / AI Engineer,,,
SYN-02,Synthetic Company 02,Backend / AI Engineer,,,
SYN-03,Synthetic Company 03,Backend / AI Engineer,,,
SYN-04,Synthetic Company 04,Backend / AI Engineer,,,
SYN-05,Synthetic Company 05,Backend / AI Engineer,,,
SYN-06,Synthetic Company 06,Backend / AI Engineer,,,
SYN-07,Synthetic Company 07,Backend / AI Engineer,,,
SYN-08,Synthetic Company 08,Backend / AI Engineer,,,
SYN-09,Synthetic Company 09,Backend / AI Engineer,,,
SYN-10,Synthetic Company 10,Backend / AI Engineer,,,
SYN-11,Synthetic Company 11,Backend / AI Engineer,,,
SYN-12,Synthetic Company 12,Backend / AI Engineer,,,
SYN-13,Synthetic Company 13,Backend / AI Engineer,,,
SYN-14,Synthetic Company 14,Backend / AI Engineer,,,
SYN-15,Synthetic Company 15,Backend / AI Engineer,,,
SYN-16,Synthetic Company 16,Backend / AI Engineer,,,
SYN-17,Synthetic Company 17,Backend / AI Engineer,,,
SYN-18,Synthetic Company 18,Backend / AI Engineer,,,
SYN-19,Synthetic Company 19,Backend / AI Engineer,,,
SYN-20,Synthetic Company 20,Backend / AI Engineer,,,
